time_s,raw_signal,filtered_signal,event_flag
0.0,2.5457075619631646,1.452478962046946,0
0.1,2.3480021174025922,1.7700971992606258,0
0.2,2.6205655462082955,2.1021885931606286,0
0.30000000000000004,2.653077508754571,2.4654912362938965,0
0.4,2.223327660495759,2.4561719037387744,0
0.5,2.324639757300018,2.482077810923719,0
0.6000000000000001,2.543118501932877,2.451689779400981,0
0.7000000000000001,2.4804722340773098,2.4543420727772474,0
0.8,2.5293434676972057,2.5167687948393556,0
0.9,2.407849325549128,2.550026705213583,0
1.0,2.6716435623884363,2.5753672465694057,0
1.1,2.660314714930516,2.5960708604227367,0
1.2000000000000002,2.5574451299196093,2.581908961023105,0
1.3,2.720502291423636,2.6119627616211725,0
1.4000000000000001,2.6253975310506292,2.5764229710376547,0
1.5,2.430210171899782,2.582409782026311,0
1.6,2.6182259297355985,2.5837312216427466,0
1.7000000000000002,2.422865028303813,2.559395796286504,0
1.8,2.702222391851109,2.5385408145580315,0
1.9000000000000001,2.5666952072346585,2.5868778034029636,0
2.0,2.550154313929941,2.5793612704525617,0
2.1,2.479412658951323,2.5943957895211356,0
2.2,2.768569093814304,2.5716590299920634,0
2.3000000000000003,2.5656101990827835,2.587734344015934,0
2.4000000000000004,2.5281066617838306,2.6030899860238326,0
2.5,2.5430650751476063,2.630052053505583,0
2.6,2.6792224054017497,2.6165747455049053,0
2.7,2.6576438079852345,2.6692269506087323,0
2.8000000000000003,2.668147131323575,2.673103824589581,0
2.9000000000000004,2.674227937809557,2.673037767984458,0
3.0,2.934175634809576,2.647514204520995,0
3.1,2.5552447796497684,2.6561587345502495,0
3.2,2.5426026789117477,2.674736198840549,0
3.3000000000000003,2.500557461157505,2.6662443242600498,0
3.4000000000000004,2.718155518190018,2.6054812493988604,0
3.5,2.798189381355672,2.5996051532586684,0
3.6,2.6147848157460634,2.627554027987531,0
3.7,2.5088341107812497,2.6638971540879477,0
3.8000000000000003,2.514112106668424,2.6652609809452534,0
3.9000000000000004,2.7382448020137873,2.6296770933088527,0
4.0,2.754959343860421,2.6399067926364244,0
4.1000000000000005,2.7277023061911585,2.663166297832089,0
4.2,2.549102167900868,2.6882172356558645,0
4.3,2.6863927110390633,2.6955872126109663,0
4.4,2.671650647150903,2.687028870973367,0
4.5,2.689468671434849,2.6924535912490564,0
4.6000000000000005,2.789834640699502,2.710615615052036,0
4.7,2.6950509523972253,2.714225528727181,0
4.800000000000001,2.765675348120984,2.7275775560292885,0
4.9,2.676236334521728,2.6939259561772126,0
5.0,2.7116621067650772,2.6705953523651984,0
5.1000000000000005,2.7651148382656534,2.657850311056033,0
5.2,2.4539074724703176,2.6316695177210048,0
5.300000000000001,2.626520414015402,2.626314148610944,0
5.4,2.60583566323307,2.6540721184885516,0
5.5,2.582409794775786,2.623839420793511,0
5.6000000000000005,2.6387487507512986,2.6775902041077977,0
5.7,2.905967895908336,2.6500840523128937,0
5.800000000000001,2.553485954400367,2.6546199742461623,0
5.9,2.830162955670326,2.673357112086144,0
6.0,2.4339773514510745,2.693300350267672,0
6.1000000000000005,2.6375871167659475,2.67791738785602,0
6.2,2.7135697596556585,2.7148070689936006,0
6.300000000000001,2.778351418021995,2.687845826638752,0
6.4,2.7982871590267733,2.7151839392085098,0
6.5,2.8117137223634274,2.7418528229098937,0
6.6000000000000005,2.6414342591863873,2.7352964368651183,0
6.7,2.625344139439379,2.696351519647262,0
6.800000000000001,2.8242693026756363,2.6577015355676976,0
6.9,2.66767505734223,2.62179583619265,0
7.0,2.505736997497004,2.6406406254932224,0
7.1000000000000005,2.5277372704698218,2.654240038333042,0
7.2,2.5603738267380955,2.651211823726662,0
7.300000000000001,2.7733477842903937,2.646637405798434,0
7.4,2.7205400293181126,2.677772994696377,0
7.5,2.8030718004309763,2.715785799363701,0
7.6000000000000005,2.6356541318446363,2.729102331021361,0
7.7,2.7236861197826028,2.728399934157292,0
7.800000000000001,2.7938269031410936,2.7112469381881485,0
7.9,2.6535895483417122,2.6886742808807345,0
8.0,2.768431006241913,2.6895728497434375,0
8.1,2.6004690575341067,2.660393788860388,0
8.200000000000001,2.645063199279074,2.657186921869993,0
8.3,2.641944113883558,2.6534409295598245,0
8.4,2.519432693601259,2.6435247791790175,0
8.5,2.7713788342083308,2.667535322711775,0
8.6,2.6273676021705317,2.684329008209922,0
8.700000000000001,2.6990179535762637,2.70613374801535,0
8.8,2.76854286226341,2.7289360779436955,0
8.9,2.7626189977661,2.7086393662602006,0
9.0,2.794577292521557,2.716120640947242,0
9.1,2.679049003099678,2.6787488009735783,0
9.200000000000001,2.6293018524238665,2.636413127317951,0
9.3,2.679736524979823,2.597399578049066,0
9.4,2.4374150737606146,2.560593676069446,0
9.5,2.47219314667402,2.5700164525075135,0
9.600000000000001,2.4895241528839045,2.558354149697297,0
9.700000000000001,2.536935978664218,2.550553946451498,0
9.8,2.745008438166149,2.6130722049103294,0
9.9,2.547665732752353,2.6348940603185356,0
10.0,2.625135102259228,2.6774147249684432,0
10.100000000000001,2.8750428829724353,2.677078720002129,0
10.200000000000001,2.624946134531462,2.662338405928341,0
10.3,2.7871688054332577,2.659541128117146,0
10.4,2.5345839439000217,2.6584662742147196,0
10.5,2.6418262396496304,2.6466491356149926,0
10.600000000000001,2.528084788073988,2.615217220116987,0
10.700000000000001,2.617611124942245,2.6066020803830643,0
10.8,2.792322912774346,2.629514864796927,0
10.9,2.4049227260454225,2.61893121508446,0
11.0,2.7268628272957964,2.60598222453757,0
11.100000000000001,2.694973434797059,2.6124085735162867,0
11.200000000000001,2.567740691662365,2.580607748273634,0
11.3,2.437441854245757,2.620097033197039,0
11.4,2.662595567793265,2.608683883646545,0
11.5,2.5697171360757736,2.63528039108299,0
11.600000000000001,2.681347720509256,2.640190528358428,0
11.700000000000001,2.646970780442342,2.646494265211456,0
11.8,2.8811489868521725,2.645981696312316,0
11.9,2.6021116525904335,2.659177320053297,0
12.0,2.4815680122169503,2.6803968260212954,0
12.100000000000001,2.6590075854992876,2.694849791450722,0
12.200000000000001,2.662086502262639,2.6651463772851574,0
12.3,2.829884262285244,2.698553507427631,0
12.4,2.748141538448329,2.6918833325311113,0
12.5,2.6732250876932175,2.671154871370208,0
12.600000000000001,2.8359615635877504,2.6433597410898733,0
12.700000000000001,2.434876787941313,2.6026089613192562,0
12.8,2.513908357372963,2.5518957995907696,0
12.9,2.4675205903002957,2.5544975249231516,0
13.0,2.544628803890928,2.514975137042223,0
13.100000000000001,2.3931494063489214,2.5054861651553177,0
13.200000000000001,2.6914371650198903,2.4939477017971283,0
13.3,2.559304848421253,2.516997604761648,0
13.4,2.3684539847329757,2.539750052914922,0
13.5,2.4331391138656344,2.608441486527759,0
13.600000000000001,2.6288699110519325,2.653640782805107,0
13.700000000000001,2.703895940963848,2.663619953748154,0
13.8,2.8739894416387792,2.6702386523346764,0
13.9,3.0078322389613277,2.642590397232681,0
14.0,2.6291590450225804,2.637856682013104,0
14.100000000000001,2.4147848748386314,2.5986976483947934,0
14.200000000000001,2.2396013281516702,2.5432057677058024,0
14.3,2.5957339045148924,2.4638214767950486,0
14.4,2.4297827056356733,2.448074093789237,0
14.5,2.4855462768158434,2.4882500099832883,0
14.600000000000001,2.452142202586052,2.5334120128345203,0
14.700000000000001,2.518927363981896,2.5203684230547028,0
14.8,2.696016288196993,2.6259581205470717,0
14.9,2.5557353481102925,2.7093202460816177,0
15.0,2.5044287760561703,2.8223505377109035,0
15.100000000000001,3.1689105880822543,2.9345385372653805,0
15.200000000000001,3.069081155557667,3.0598941560263304,1
15.3,3.243354243991054,3.1696261596343103,1
15.4,3.304243360863235,3.304383399802965,1
15.5,3.5735056195236403,3.311885372767288,1
15.600000000000001,3.323859373366152,3.318385043992822,1
15.700000000000001,3.447729457236756,3.3041283887054753,1
15.8,3.221424398832516,3.2857437205286506,1
15.9,3.114578854136399,3.289474452184738,1
16.0,3.1435576569796284,3.265089659837856,1
16.1,3.175550683625464,3.258011195533492,1
16.2,3.5996207411162526,3.2453808220514606,1
16.3,3.153165826937978,3.286761481026684,1
16.400000000000002,3.398180207106206,3.3117276743623005,1
16.5,3.1330117844582963,3.3199589051692073,1
16.6,3.4042434669629644,3.2695351645726434,1
16.7,3.3183210103289458,3.1548934214786786,1
16.8,3.2331692992738104,3.0282885199146046,1
16.900000000000002,3.246654556940305,2.9197086672013866,0
17.0,2.3506736252802254,2.75532363815158,0
17.1,2.5119458961576875,2.6015509689914325,0
17.2,2.3729528154657697,2.49048843225523,0
17.3,2.2535482636143187,2.407105709371282,0
17.400000000000002,2.2419123262079106,2.4207821283952025,0
17.5,2.455731542120394,2.4049245876090524,0
17.6,2.6629754967526695,2.417070517834466,0
17.7,2.44640855844767,2.4676202191177135,0
17.8,2.4009431106546346,2.4960376285506944,0
17.900000000000002,2.4579743270436647,2.4798981891260485,0
18.0,2.6073961725970536,2.4661650941507554,0
18.1,2.4408341922387784,2.4683581007008164,0
18.2,2.342755466147871,2.5002799664098254,0
18.3,2.5668438319256146,2.49459034199922,0
18.400000000000002,2.461759604298097,2.4369143442599057,0
18.5,2.6243961706177004,2.3994849568782803,0
18.6,2.418146956169428,2.440299282439032,0
18.7,2.203664188421851,2.4502042035823663,0
18.8,2.1788284805674016,2.4338901677386025,0
18.900000000000002,2.6284557450731345,2.389536736710191,0
19.0,2.6361782799289504,2.4137413643738936,0
19.1,2.347561353391751,2.4131209033457384,0
19.200000000000003,2.31392215341882,2.4201793654532286,0
19.3,2.5875793498153494,2.395552796365237,0
19.400000000000002,2.1993209612247644,2.3471787731962825,0
19.5,2.2282377153198314,2.3479871581151937,0
19.6,2.456069761457196,2.349822241545715,0
19.700000000000003,2.2975601177462677,2.322921717751844,0
19.8,2.353220047824129,2.374044102011771,0
19.900000000000002,2.3267677374324682,2.3924559361932136,0
20.0,2.3992756832582542,2.389826494419336,0
20.1,2.5571776510442525,2.3517679969025402,0
20.200000000000003,2.357120554589931,2.348313249713036,0
20.3,2.4376636690400493,2.3312883764703685,0
20.400000000000002,2.0311506351286983,2.2955427303229627,0
20.5,2.3290368174976,2.2442348465700084,0
20.6,2.207593624733795,2.2328693536046944,0
20.700000000000003,2.149056160226417,2.2364988618662136,0
20.8,2.1980224647735724,2.2498773264440284,0
20.900000000000002,2.27756210383273,2.2495146328261946,0
21.0,2.463070226870684,2.255214615444642,0
21.1,2.1247998871734004,2.2723859616583577,0
21.200000000000003,2.326497962172765,2.310837107611533,0
21.3,2.2474935030629273,2.3277450476077073,0
21.400000000000002,2.269255583722425,2.3350660948212902,0
21.5,2.4671804864457996,2.358539536187304,0
21.6,2.3959176838059513,2.3414048995643055,0
21.700000000000003,2.514317557365763,2.345491650939605,0
21.8,2.2891139767354933,2.356292698579377,0
21.900000000000002,2.206555505811782,2.3372468887518902,0
22.0,2.276100762690022,2.3012126576841334,0
22.1,2.344862917200829,2.2733029595746173,0
22.200000000000003,2.3338598176533933,2.280390709467806,0
22.3,2.1436780663316535,2.348212930782092,0
22.400000000000002,2.3189496705991464,2.3922686983108714,0
22.5,2.338728225987816,2.3679070311433748,0
22.6,2.681311055011785,2.3571617174153427,0
22.700000000000003,2.584491135391479,2.3483142077962147,0
22.8,2.174331247028351,2.3330709567524837,0
22.900000000000002,2.25864262155717,2.3343761442112148,0
23.0,2.0817454989977566,2.305782056479779,0
23.1,2.2122469132930282,2.2495322256771395,0
23.200000000000003,2.3478645381989325,2.253469673598376,0
23.3,2.4811524408917354,2.213365361700666,0
23.400000000000002,2.190742319773002,2.241069768117476,0
23.5,2.20189338247701,2.230872277121755,0
23.6,1.9779124382731967,2.212754634062323,0
23.700000000000003,2.275676343915427,2.168195422721746,0
23.8,2.1408644763229825,2.1819490217473545,0
23.900000000000002,2.2210410367829105,2.158530965655542,0
24.0,2.1692379615076938,2.1734174974782965,0
24.1,2.287017512952262,2.2229194256806513,0
24.200000000000003,2.037966989834323,2.218566799103658,0
24.3,2.0821181610324775,2.20695764202661,0
24.400000000000002,2.6221898413319105,2.265737273136602,0
24.5,2.110396090284029,2.330714762071321,0
24.6,2.1397769372435764,2.3440600397144027,0
24.700000000000003,2.5806953792776355,2.3684685597882154,0
24.8,2.7418599354952993,2.3311016405266574,0
24.900000000000002,2.1313839333358926,2.396751040706413,0
25.0,2.252977801549168,2.4002019920596216,0
25.1,2.3606214065010027,2.356755596136706,0
25.200000000000003,2.5699418915423173,2.3124095624864798,0
25.3,2.163933596716039,2.3481548314722294,0
25.400000000000002,2.276570607817224,2.349384399694226,0
25.5,2.4314376999437153,2.340671316498271,0
25.6,2.3816008162361397,2.2757133452577767,0
25.700000000000003,2.261584779103143,2.2933775467640243,0
25.8,2.299629824129323,2.2946189205205423,0
25.900000000000002,2.115236092858856,2.2847025376924295,0
26.0,2.28758300725977,2.265323387037301,0
26.1,2.2852602241128523,2.285396022881207,0
26.200000000000003,2.3620230201469234,2.311942317181046,0
26.3,2.245946761650239,2.346781668173784,0
26.400000000000002,2.4020932300104874,2.3615379428467533,0
26.5,2.485453884228194,2.3705676024526805,0
26.6,2.3591115498080204,2.36784318082397,0
26.700000000000003,2.390876929970557,2.3665955573678468,0
26.8,2.348467841354339,2.365652346444161,0
26.900000000000002,2.342952068745956,2.344309495506478,0
27.0,2.237213397457375,2.388338160696826,0
27.1,2.395490753544684,2.4170827279592015,0
27.200000000000003,2.3360539276644143,2.4268400245899238,0
27.3,2.667312206140458,2.4131748810871243,0
27.400000000000002,2.592088900807185,2.407545957446956,0
27.5,2.4167689177693967,2.4290924543641044,0
27.6,2.2472960642263597,2.43966792888645,0
27.700000000000003,2.197810931976196,2.4080187827141386,0
27.8,2.546316231964722,2.3398898084422344,0
27.900000000000002,2.410082249320834,2.3545180068287372,0
28.0,2.4457681829342777,2.3836811574323358,0
28.1,2.1151860809038543,2.3868484081431705,0
28.200000000000003,2.5191663064749186,2.3543938279143504,0
28.3,2.4514381184515526,2.3576365247792523,0
28.400000000000002,2.2199816869520346,2.351740631627777,0
28.5,2.31913417036298,2.386177755142382,0
28.6,2.4327811273751494,2.367444434994696,0
28.700000000000003,2.404496930873951,2.355707983413934,0
28.8,2.3562459455060867,2.3862140804685406,0
28.900000000000002,2.3880330654411197,2.4313320495141575,0
29.0,2.369282957386216,2.374201583346484,0
29.1,2.4335243663342845,2.371559509725242,0
29.200000000000003,2.6349599536822943,2.3851960218300614,0
29.3,2.032867864201437,2.397383924832109,0
29.400000000000002,2.386002415525257,2.398474236792665,0
29.5,2.45170153023982,2.361252758661168,0
29.6,2.4733483864554566,2.340470904429183,0
29.700000000000003,2.3769151411101057,2.4362354141839555,0
29.8,2.172974019413806,2.4122192535341305,0
29.900000000000002,2.489486974058398,2.430749765932427,0
30.0,2.703219432484843,2.421193397546775,0
30.1,2.2178892909764856,2.4316974233845388,0
30.200000000000003,2.5814151170278965,2.4506486666882785,0
30.3,2.406453807755894,2.4403418376947346,0
30.400000000000002,2.4504433219744475,2.435091544554213,0
30.5,2.305632722539989,2.4843678583114075,0
30.6,2.417339171103588,2.5069151674594896,0
30.700000000000003,2.6664673805011923,2.5431351810348124,0
30.8,2.5628234872768463,2.5578196132370503,0
30.900000000000002,2.739246281064472,2.621722910286113,0
31.0,2.659993902783155,2.6422762183873534,0
31.1,2.553234347390114,2.636146759195887,0
31.200000000000003,2.7529558018834233,2.6212972805944323,0
31.3,2.561212327812269,2.5895968329943715,0
31.400000000000002,2.6235611661609317,2.5534181687348316,0
31.5,2.458877137066664,2.569211179828777,0
31.6,2.5173431478640462,2.510587088253867,0
31.700000000000003,2.4067432529663746,2.5219370974710786,0
31.8,2.663785425047732,2.5040969302141662,0
31.900000000000002,2.3425871608590536,2.5395318563944627,0
32.0,2.640662392332748,2.558169880061397,0
32.1,2.498679995362546,2.6160931620186476,0
32.2,2.7069216203287407,2.61450098719588,0
32.300000000000004,2.6478093135325858,2.6100050277648195,0
32.4,2.8122062266671293,2.595732860982895,0
32.5,2.6526402012883596,2.5786153645176997,0
32.6,2.3111154448416302,2.546305584203741,0
32.7,2.5407572248592745,2.5664746162268273,0
32.800000000000004,2.3788575201061803,2.544977520999483,0
32.9,2.4807531581310327,2.518174449698079,0
33.0,2.788992537694184,2.5339486000276197,0
33.1,2.6617265600757167,2.5398709701670685,0
33.2,2.465018702178535,2.542675033254207,0
33.300000000000004,2.421534497148417,2.543130301781076,0
33.4,2.5822138158354146,2.5211341895623245,0
33.5,2.3984859617161507,2.5358999813645857,0
33.6,2.4839400378191123,2.5675601337761442,0
33.7,2.6350197521629273,2.5437879547460858,0
33.800000000000004,2.7650871026915427,2.55317673446013,0
33.9,2.686639769059446,2.584321880496891,0
34.0,2.255129243938007,2.6110668603704412,0
34.1,2.6479352738337294,2.6424688365511417,0
34.2,2.616501983973473,2.5769138520747683,0
34.300000000000004,2.6711548969339645,2.5545741686602472,0
34.4,2.8548335854278295,2.619663622954875,0
34.5,2.3062022113569287,2.5825333618566617,0
34.6,2.5302619851577997,2.6158542199151675,0
34.7,2.7107554240003995,2.6180679220172953,0
34.800000000000004,2.38802344614624,2.7190022736723316,0
34.9,2.849747990383013,2.8683562829803786,0
35.0,2.6866508116488568,3.015785546378129,1
35.1,3.561374047013083,3.14329154002239,1
35.2,3.3516802765132585,3.2993918350080342,1
35.300000000000004,3.562266828942051,3.3899510918481703,1
35.4,3.603297379510227,3.504958631256001,1
35.5,3.480725511045751,3.4710822388723384,1
35.6,3.483662788263965,3.4828620968051696,1
35.7,3.49170358750367,3.464803291656587,1
35.800000000000004,3.324239300327444,3.4527099731266784,1
35.9,3.434139282043077,3.471670007646254,1
36.0,3.4358551929019763,3.446427232491574,1
36.1,3.518644149800867,3.4403549747713154,1
36.2,3.613445752682779,3.3786501684780457,1
36.300000000000004,3.3069633621812056,3.2538615915087346,1
36.4,3.4491977834618597,3.1274281736291196,1
36.5,2.892305656274559,3.011398485184036,1
36.6,2.560619243257896,2.8958504316926206,0
36.7,2.5508212677446704,2.8064921695947946,0
36.800000000000004,2.706436330685286,2.725293033810098,0
36.9,2.80460937824287,2.7137671379924755,0
37.0,2.681455527496424,2.7495287607111494,0
37.1,2.880803832968985,2.780739080028773,0
37.2,2.811624385551197,2.8279264557032833,0
37.300000000000004,2.8109506022886133,2.8070072119705487,0
37.4,2.769293502968037,2.765326984424123,0
37.5,3.036747960406861,2.77264896533879,0
37.6,2.6581746721137245,2.7458291005311035,0
37.7,2.3896939346714445,2.7313741574981236,0
37.800000000000004,2.9320576993716547,2.7487583419324157,0
37.9,2.62388533189739,2.6656657332329106,0
38.0,2.7097660010577527,2.6442838965162285,0
38.1,2.8909827940080817,2.65386890245552,0
38.2,2.455099699510326,2.6033625458697958,0
38.300000000000004,2.5085018150969516,2.6234007937152266,0
38.400000000000006,2.456788976246484,2.633052850861919,0
38.5,2.5785132032715863,2.6115636691566584,0
38.6,2.764153066815407,2.6161977176257825,0
38.7,2.7773304010845985,2.5940107659805074,0
38.800000000000004,2.740558522071254,2.6299034227703615,0
38.900000000000006,2.4875380387941983,2.6371464003978264,0
39.0,2.3531931535800243,2.6378251399521204,0
39.1,2.7080375737754627,2.6418101329707415,0
39.2,2.629214046663845,2.6389481274143844,0
39.300000000000004,2.768904243695463,2.6855261616747836,0
39.400000000000006,2.8052253522149453,2.739876032064071,0
39.5,2.7205244831767565,2.749925917074126,0
39.6,2.8135842786169927,2.7447114887249278,0
39.7,2.7336422463050334,2.730715159232713,0
39.800000000000004,2.778386768845848,2.719506755984361,0
39.900000000000006,2.592713048219457,2.7336645376059363,0
40.0,2.6709299372499578,2.708396706141518,0
40.1,2.7267665294764805,2.7140318663694707,0
40.2,2.8196289545277855,2.696276919874594,0
40.300000000000004,2.636709458366064,2.7080798745717285,0
40.400000000000006,2.7730883679007037,2.7288474296906178,0
40.5,2.6541021433817105,2.6809877932328336,0
40.6,2.6753337310993985,2.6346113944661806,0
40.7,2.816302823082184,2.610198372088104,0
40.800000000000004,2.391749074271991,2.547858539014616,0
40.900000000000006,2.494994163161212,2.537778723256668,0
41.0,2.465818301719531,2.555038935674627,0
41.1,2.336709536386284,2.5297658271588515,0
41.2,2.583543433076077,2.575244942126072,0
41.300000000000004,2.7961552180251057,2.6248251349943343,0
41.400000000000006,2.6393910634717597,2.6834215010030498,0
41.5,2.7101028790425366,2.730258077993534,0
41.6,2.8420555132390493,2.772037658751016,0
41.7,2.875992863780536,2.7561210248021113,0
41.800000000000004,2.6645655753196715,2.7423792798896316,0
41.900000000000006,2.876000498378454,2.7234316985531635,0
42.0,2.6847387803827725,2.6663243417715234,0
42.1,2.5431988490844013,2.6167329745346217,0
42.2,2.577469809687263,2.608365737962316,0
42.300000000000004,2.4423040157675677,2.594336431041705,0
42.400000000000006,2.5288532931222227,2.626926654596009,0
42.5,2.6059949193135337,2.6128786785778377,0
42.6,2.777795349934176,2.6315956863525094,0
42.7,2.9128703452629003,2.6385233739144556,0
42.800000000000004,2.444863016957199,2.665164319002521,0
42.900000000000006,2.708488864109966,2.667403705035447,0
43.0,2.4907978287011927,2.6082671532426764,0
43.1,2.7153399087386836,2.5885437130356523,0
43.2,2.6216706215440166,2.6023981019124993,0
43.300000000000004,2.363839487384782,2.5796836792436286,0
43.400000000000006,2.7748062638137294,2.5761464676018955,0
43.5,2.541843739095127,2.548988535885094,0
43.6,2.5494879054278705,2.5579481277422143,0
43.7,2.4660373472090598,2.5900563134640864,0
43.800000000000004,2.5252343867210754,2.5740861596683806,0
43.900000000000006,2.6843877645438554,2.591635786722682,0
44.0,2.5885967874378912,2.628158214880341,0
44.1,2.6630151872437864,2.6404711250725525,0
44.2,2.6646911284752326,2.6195341410787867,0
44.300000000000004,2.805144902531488,2.629879600937133,0
44.400000000000006,2.552227718554538,2.6234342251985745,0
44.5,2.3786754987647174,2.636836874460137,0
44.6,2.7568059835522774,2.633817864380836,0
44.7,2.543479157267986,2.599190459378888,0
44.800000000000004,2.7568337320747234,2.6104549737112457,0
44.900000000000006,2.643558057920124,2.6803188385155767,0
45.0,2.56275306751785,2.6983316200180694,0
45.1,2.6310793188810413,2.7032638422538677,0
45.2,2.8677225523950374,2.67912306073854,0
45.300000000000004,2.8828954540697285,2.6902508094489472,0
45.400000000000006,2.57800471291857,2.67119175943942,0
45.5,2.587848261467432,2.66708036396391,0
45.6,2.721452298892974,2.6209183928874915,0
45.7,2.429339717451158,2.5793139300973413,0
45.800000000000004,2.60229955055247,2.5561224899797947,0
45.900000000000006,2.5445887548601056,2.5147599571588715,0
46.0,2.591664214538682,2.4433895066420805,0
46.1,2.4156646320957402,2.433661965071294,0
46.2,2.2983105317209716,2.4127748281295855,0
46.300000000000004,2.221859145275437,2.4031105105752006,0
46.400000000000006,2.36124692645565,2.4339470460678703,0
46.5,2.456089591960512,2.4715443184635655,0
46.6,2.4769385319794126,2.481019804252585,0
46.7,2.8075199629873713,2.5289129767787104,0
46.800000000000004,2.6788455388656076,2.5401482520086853,0
46.900000000000006,2.364638932244104,2.5398927580167117,0
47.0,2.5571113529583154,2.5461523814504003,0
47.1,2.439893853065477,2.513911939897361,0
47.2,2.454301134016699,2.478945577677279,0
47.300000000000004,2.5207558960152294,2.518363171505962,0
47.400000000000006,2.581836872116094,2.4824495231466686,0
47.5,2.4340810033250357,2.4873202289977345,0
47.6,2.6405620890448813,2.5450959476280057,0
47.7,2.305715814443264,2.5419303346471436,0
47.800000000000004,2.473988794022941,2.5554086820220077,0
47.900000000000006,2.858731164428595,2.560684989647094,0
48.0,2.498596605149195,2.5463910885089773,0
48.1,2.676185303740146,2.565716039090717,0
48.2,2.4710151567006338,2.558015745307894,0
48.300000000000004,2.540504781078066,2.48175231930065,0
48.400000000000006,2.4409904685154444,2.4823156168945664,0
48.5,2.4200867375431807,2.4294996663660986,0
48.6,2.3248871823778887,2.437965797587847,0
48.7,2.502539688306608,2.444964718121909,0
48.800000000000004,2.306473650040869,2.45024852075285,0
48.900000000000006,2.530278075252875,2.4440052821799516,0
49.0,2.5894972248165007,2.466703182776771,0
49.1,2.477977086932028,2.447164183195297,0
49.2,2.376384067532892,2.4817857889129877,0
49.300000000000004,2.4837724865556257,2.4246380184398313,0
49.400000000000006,2.365766691236288,2.390583169120084,0
49.5,2.5488248900647084,2.33649669851303,0
49.6,2.130243681940775,2.307058185404831,0
49.7,2.3511132795782705,2.3230585605103435,0
49.800000000000004,2.0993717926826494,2.459683207886387,0
49.900000000000006,2.1703144757755015,2.5350867939122055,0
50.0,2.5957751122942123,2.6530453007988704,0
50.1,3.3221392228685893,2.7076653481606945,0
50.2,3.0766499922454393,2.849678169781963,0
50.300000000000004,2.95595323014743,3.044626253167998,1
50.400000000000006,2.73345361111104,3.1358120412042845,1
50.5,3.0934615440315287,3.101494121675259,1
50.6,3.5349510594777485,3.1237829742261622,1
50.7,3.234075628548217,3.1194869855668332,1
50.800000000000004,3.0819137861654093,3.173650423978102,1
50.900000000000006,3.232671960101765,3.184491067242514,1
51.0,2.9258813095321248,3.127897458457268,1
51.1,3.1125976799899187,3.1326977397355757,1
51.2,3.1693460468824135,3.149304287709473,1
51.300000000000004,3.1387957979810306,3.150948195178586,1
51.400000000000006,3.2676775974963714,3.166994374490003,1
51.5,3.1981596219826915,3.1900127244069987,1
51.6,3.244179312385554,3.2202564530978504,1
51.7,3.038204564712042,3.0845588074198687,1
51.800000000000004,3.273726129408889,2.931900533826643,0
51.900000000000006,3.3810521477183757,2.836513175517382,0
52.0,2.1889122782351573,2.701530882831375,0
52.1,2.199069682343796,2.6298689827836275,0
52.2,2.530448113817862,2.484719605899763,0
52.300000000000004,2.299303263583504,2.3646337062541507,0
52.400000000000006,2.536571264377809,2.38623497679997,0
52.5,2.2576804912218384,2.4088548431930854,0
52.6,2.540450850199087,2.4118952238937803,0
52.7,2.3401211720558934,2.406448949676253,0
52.800000000000004,2.3574087470956044,2.3544776634889835,0
52.900000000000006,2.5517307787227295,2.3526984540742473,0
53.0,2.261179344060813,2.3296348788207006,0
53.1,2.1727722610669167,2.291762208454907,0
53.2,2.245226025318688,2.2984600491760534,0
53.300000000000004,2.379005823424259,2.2520314356124,0
53.400000000000006,2.075012479495337,2.2831012784844447,0
53.5,2.4042936321436303,2.2507602214516362,0
53.6,2.226730483777158,2.2423914166443857,0
53.7,2.4786682441651267,2.195510946341147,0
53.800000000000004,1.9463848618372581,2.21038634960865,0
53.900000000000006,2.186644391667931,2.201139451203845,0
54.0,2.0508425313015866,2.2080281294256356,0
54.1,2.1791403023678644,2.177265183127224,0
54.2,2.33956534330999,2.2245009198121464,0
54.300000000000004,2.2749512313296942,2.2451344512306988,0
54.400000000000006,2.263327620076243,2.2591609988119297,0
54.5,2.2770350186317154,2.2915915250140357,0
54.6,2.3310791115977985,2.3001427832427304,0
54.7,2.149028364370202,2.31197227152967,0
54.800000000000004,2.4061539857826078,2.3291454222315355,0
54.900000000000006,2.3994241509108516,2.3388061384349172,0
55.0,2.3577576493382746,2.378034253793012,0
55.1,2.383539674989298,2.3978370904782773,0
55.2,2.3446600320553905,2.376247521024907,0
55.300000000000004,2.6056759191044607,2.3461179340940443,0
55.400000000000006,2.2876482211670566,2.3160443920218867,0
55.5,2.2550269996090155,2.277828256696284,0
55.6,2.188517042394816,2.2528871174979406,0
55.7,2.147242854833173,2.208299471471864,0
55.800000000000004,2.116026727710077,2.217943990529389,0
55.900000000000006,2.1700720576669843,2.2263138500665822,0
56.0,2.293562396921926,2.226828723694915,0
56.1,2.355159854569734,2.26908875767274,0
56.2,2.3136160163693664,2.3125289466948327,0
56.300000000000004,2.192121157793146,2.32915950486339,0
56.400000000000006,2.443063092677949,2.3177661159301386,0
56.5,2.4201080508647244,2.3235144893335473,0
56.6,2.2864859648468823,2.3276826650477322,0
56.7,2.213808674389173,2.3143675290708265,0
56.800000000000004,2.3953984683935907,2.2950082139627295,0
56.900000000000006,2.34279324636866,2.28624046772231,0
57.0,2.0989152059548077,2.2719181861241027,0
57.1,2.307547886921268,2.2915866613186986,0
57.2,2.3587338271817875,2.2503420504444205,0
57.300000000000004,2.1862299936594316,2.2767009562689253,0
57.400000000000006,2.3514880007513437,2.3362998587891264,0
57.5,2.1066861922736457,2.334242047957424,0
57.6,2.5273055871401944,2.3383818350386862,0
57.7,2.516107523596215,2.3080555482496647,0
57.800000000000004,2.29314321109935,2.2813126982839536,0
57.900000000000006,2.3877123367506266,2.308363839786263,0
58.0,1.9739459861362771,2.2589953047433666,0
58.1,2.164288050991369,2.2498660901256886,0
58.2,2.2960441827898115,2.3004453118012664,0
58.300000000000004,2.1817258418399152,2.26987665887902,0
58.400000000000006,2.452203021272472,2.3060679555742594,0
58.5,2.6471977628283927,2.3384498432152014,0
58.6,2.1737317662949027,2.381887618187192,0
58.7,2.227285063002953,2.381346617376288,0
58.800000000000004,2.390961264477963,2.3741118542336204,0
58.900000000000006,2.6001086075937443,2.373135414246414,0
59.0,2.17793883616359,2.365805263136303,0
59.1,2.401559679273798,2.359206375509599,0
59.2,2.6403626829179476,2.3480449929532425,0
59.300000000000004,2.122420708524125,2.3053799221333664,0
59.400000000000006,2.1810928496160256,2.3520527376843807,0
59.5,2.3128315865834677,2.355011523931202,0
59.6,2.3014531118546104,2.281115051920522,0
59.7,2.5046485450206903,2.3307688045363655,0
59.800000000000004,2.422271183001547,2.0191841117340763,0
59.900000000000006,2.123087378843185,1.6887795993650097,0
60.0,2.4699969768350347,1.3600005833857796,0
